<?xml version="1.0" encoding="utf-8"?>
<?xml-stylesheet type="text/xsl" href="cda.xsl"?>
<ClinicalDocument xmlns:xsi="http://www.w3.org/2001/XMLSchema-instance"
 xmlns="urn:hl7-org:v3"
 xmlns:voc="urn:hl7-org:v3/voc"
 xmlns:sdtc="urn:hl7-org:sdtc">
  <!-- QRDA Header -->
  <realmCode code="US"/>
  <typeId root="2.16.840.1.113883.1.3" extension="POCD_HD000040"/>
  <!-- US Realm Header Template Id -->
  <templateId root="2.16.840.1.113883.10.20.22.1.1"/> 
  <!-- QRDA templateId -->   
  <templateId root="2.16.840.1.113883.10.20.24.1.1"/>
  <!-- QDM-based QRDA templateId -->
  <templateId root="2.16.840.1.113883.10.20.24.1.2"/>
  <!-- This is the globally unique identifier for this QRDA document -->
  <id root="5b010313-eff2-432c-9909-6193d8416fac"/>
  <!-- QRDA document type code -->
  <code code="55182-0" codeSystem="2.16.840.1.113883.6.1" codeSystemName="LOINC" displayName="Quality Measure Report"/>
  <title>QRDA Incidence Report</title>
  <!-- This is the document creation time -->
  <effectiveTime value="20140304190328"/>
  <confidentialityCode code="N" codeSystem="2.16.840.1.113883.5.25"/>
  <languageCode code="eng"/>
  <!-- reported patient -->
    <recordTarget>
    <patientRole>
      <!-- id root="Cypress" extension="5316225616528a3506000087"/ -->
      <!-- Fake Medicare HIC number -->
      <id extension="222319751A" root="2.16.840.1.113883.4.572"/>
      <addr use="HP">
        <streetAddressLine>202 Burlington Rd.</streetAddressLine>
        <city>Bedford</city>
        <state>MA</state>
        <postalCode>01730</postalCode>
        <country>US</country>
      </addr>
      <telecom use="WP" value="tel:+1-781-271-3000"/>
      <patient>
        <name>
          <given>Tom</given>
          <family>Gray</family>
        </name>
        <administrativeGenderCode code="M" codeSystem="2.16.840.1.113883.5.1" codeSystemName="HL7 AdministrativeGender"/>
        <birthTime value="19470531170335"/>
          <raceCode code="1002-5" displayName="American Indian or Alaska Native" codeSystemName="CDC Race and Ethnicity" codeSystem="2.16.840.1.113883.6.238"/>
          <ethnicGroupCode code="2186-5" displayName="Not Hispanic or Latino" codeSystemName="CDC Race and Ethnicity" codeSystem="2.16.840.1.113883.6.238"/>
          <languageCommunication>
            <templateId root="2.16.840.1.113883.3.88.11.83.2" assigningAuthorityName="HITSP/C83"/>
            <templateId root="1.3.6.1.4.1.19376.1.5.3.1.2.1" assigningAuthorityName="IHE/PCC"/>
            <languageCode code="eng"/>
          </languageCommunication>
      </patient>
    </patientRole>
  </recordTarget>
  <!-- Example of an author who is a device -->
  <author>
    <time value="20140304190328"/>
    <assignedAuthor>
      <!-- id extension="Cypress" root="2.16.840.1.113883.19.5"/ -->
      <!-- NPI -->
      <id extension="FakeNPI" root="2.16.840.1.113883.4.6"/>
      <addr>
        <streetAddressLine>202 Burlington Rd.</streetAddressLine>
        <city>Bedford</city>
        <state>MA</state>
        <postalCode>01730</postalCode>
        <country>US</country>
      </addr>
      <telecom use="WP" value="tel:(781)271-3000"/>
      <assignedAuthoringDevice>
        <manufacturerModelName>Cypress</manufacturerModelName >
        <softwareName>Cypress</softwareName >
      </assignedAuthoringDevice >
    </assignedAuthor>   
  </author>
  <custodian>
    <assignedCustodian>
      <representedCustodianOrganization>
        <id root="2.16.840.1.113883.19.5"/>
        <name>Cypress Test Deck</name>
        <telecom use="WP" value="tel:(781)271-3000"/>
        <addr>
          <streetAddressLine>202 Burlington Rd.</streetAddressLine>
          <city>Bedford</city>
          <state>MA</state>
          <postalCode>01730</postalCode>
          <country>US</country>
        </addr>
      </representedCustodianOrganization>
    </assignedCustodian>
  </custodian>
  <legalAuthenticator>
    <time value="20140304190328"/>
    <signatureCode code="S"/>
    <assignedEntity>
      <id root="bc01a5d1-3a34-4286-82cc-43eb04c972a7"/>
      <addr>
        <streetAddressLine>202 Burlington Rd.</streetAddressLine>
        <city>Bedford</city>
        <state>MA</state>
        <postalCode>01730</postalCode>
        <country>US</country>
      </addr>
      <telecom use="WP" value="tel:(781)271-3000"/>
      <assignedPerson>
        <name>
           <given>Henry</given>
           <family>Seven</family>
        </name>
     </assignedPerson>
      <representedOrganization>
        <id root="2.16.840.1.113883.19.5"/>
        <name>Cypress</name>
      </representedOrganization>
    </assignedEntity>
  </legalAuthenticator>

  <!-- TODO: This is where the provider information will go.
       It is currently hard coded, but should be replaced with the providers
       and the time over which they are performing. --> 
  <documentationOf typeCode="DOC">
    <serviceEvent classCode="PCPR"> <!-- care provision -->
      <effectiveTime>
        <low value="20020716"/>
        <high value="20140304190328"/>
      </effectiveTime>
      <!-- You can include multiple performers, each with an NPI, TIN, CCN. -->
      <performer typeCode="PRF"> 
        <time>
          <low value="20020716"/>
          <high value="20140304190328"/>
        </time>
        <assignedEntity>
          <!-- This is the provider NPI -->
          <id root="2.16.840.1.113883.4.6" extension="111111111" /> 
          <representedOrganization>
            <!-- This is the organization TIN -->
            <id root="2.16.840.1.113883.4.2" extension="1234567" /> 
            <!-- This is the organization CCN -->
            <id root="2.16.840.1.113883.4.336" extension="54321" /> 
          </representedOrganization>
        </assignedEntity>
      </performer>
    </serviceEvent>
  </documentationOf>
  <component>
    <structuredBody>
            <component>
        <section>
          <!-- 
            *****************************************************************
            Measure Section
            *****************************************************************
          -->
          <!-- This is the templateId for Measure Section -->
          <templateId root="2.16.840.1.113883.10.20.24.2.2"/>
          <!-- This is the templateId for Measure Section QDM -->
          <templateId root="2.16.840.1.113883.10.20.24.2.3"/>
          <!-- This is the LOINC code for "Measure document". This stays the same for all measure section required by QRDA standard -->
          <code code="55186-1" codeSystem="2.16.840.1.113883.6.1"/>
          <title>Measure Section</title>
          <text>
            <table border="1" width="100%">
              <thead>
                <tr>
                  <th>eMeasure Title</th>
                  <th>Version neutral identifier</th>
                  <th>eMeasure Version Number</th>
                  <th>Version specific identifier</th>
                </tr>
              </thead>
              <tbody>
                <tr>
                  <td>Primary PCI Received Within 90 Minutes of Hospital Arrival</td>
                  <td>84B9D0B5-0CAF-4E41-B345-3492A23C2E9F</td>
                  <td>2</td>
                  <td>40280381-3D27-5493-013D-4BEBA8855DEB</td>
                  <td></td>
                </tr>
                <tr>
                  <td>Initial Antibiotic Selection for Community-Acquired Pneumonia (CAP) in Immunocompetent Patients</td>
                  <td>8243EAE0-BBD7-4107-920B-FC3DB04B9584</td>
                  <td>3</td>
                  <td>40280381-3D61-56A7-013D-A31D2B2F57EA</td>
                  <td></td>
                </tr>
                <tr>
                  <td>Prophylactic Antibiotic Received Within One Hour Prior to Surgical Incision</td>
                  <td>D09ADD1D-30F5-462D-B677-3D17D9CCD664</td>
                  <td>3</td>
                  <td>40280381-3D27-5493-013D-4B637CFF42A3</td>
                  <td></td>
                </tr>
                <tr>
                  <td>Elective Delivery</td>
                  <td>FD7CA18D-B56D-4BCA-AF35-71CE36B15246</td>
                  <td>2</td>
                  <td>40280381-3D27-5493-013D-4DBF0566683C</td>
                  <td></td>
                </tr>
                <tr>
                  <td>Home Management Plan of Care (HMPC) Document Given to Patient/Caregiver</td>
                  <td>E1CB05E0-97D5-40FC-B456-15C5DBF44309</td>
                  <td>1</td>
                  <td>8A4D92B2-37BF-6F1B-0137-CCD612A40D0E</td>
                  <td></td>
                </tr>
                <tr>
                  <td>Median Time from ED Arrival to ED Departure for Admitted ED Patients</td>
                  <td>9A033274-3D9B-11E1-8634-00237D5BF174</td>
                  <td>2</td>
                  <td>40280381-3D27-5493-013D-4D86B2B36480</td>
                  <td></td>
                </tr>
              </tbody>
            </table>
          </text>
          <!-- 1..* Organizers, each containing a reference to an eMeasure -->
          <entry>
            <organizer classCode="CLUSTER" moodCode="EVN">
              <!-- This is the templateId for Measure Reference -->
              <templateId root="2.16.840.1.113883.10.20.24.3.98"/>
              <!-- This is the templateId for eMeasure Reference QDM -->
              <templateId root="2.16.840.1.113883.10.20.24.3.97"/>
              <statusCode code="completed"/>
              <!-- Containing isBranch external references -->
              <reference typeCode="REFR">
                <externalDocument classCode="DOC" moodCode="EVN">
                  <!-- SHALL: This is the version specific identifier for eMeasure: QualityMeasureDocument/id it is a GUID-->
                  <id root="40280381-3D27-5493-013D-4BEBA8855DEB"/>
                  <!-- SHOULD This is the title of the eMeasure -->
                  <text>Primary PCI Received Within 90 Minutes of Hospital Arrival</text>
                  <!-- SHOULD: setId is the eMeasure version neutral id  -->
                  <setId root="84B9D0B5-0CAF-4E41-B345-3492A23C2E9F"/>
                  <!-- This is the sequential eMeasure Version number -->
                  <versionNumber value="2"/>                  
                </externalDocument>
              </reference>
            </organizer>
          </entry>
          <entry>
            <organizer classCode="CLUSTER" moodCode="EVN">
              <!-- This is the templateId for Measure Reference -->
              <templateId root="2.16.840.1.113883.10.20.24.3.98"/>
              <!-- This is the templateId for eMeasure Reference QDM -->
              <templateId root="2.16.840.1.113883.10.20.24.3.97"/>
              <statusCode code="completed"/>
              <!-- Containing isBranch external references -->
              <reference typeCode="REFR">
                <externalDocument classCode="DOC" moodCode="EVN">
                  <!-- SHALL: This is the version specific identifier for eMeasure: QualityMeasureDocument/id it is a GUID-->
                  <id root="40280381-3D61-56A7-013D-A31D2B2F57EA"/>
                  <!-- SHOULD This is the title of the eMeasure -->
                  <text>Initial Antibiotic Selection for Community-Acquired Pneumonia (CAP) in Immunocompetent Patients</text>
                  <!-- SHOULD: setId is the eMeasure version neutral id  -->
                  <setId root="8243EAE0-BBD7-4107-920B-FC3DB04B9584"/>
                  <!-- This is the sequential eMeasure Version number -->
                  <versionNumber value="3"/>                  
                </externalDocument>
              </reference>
            </organizer>
          </entry>
          <entry>
            <organizer classCode="CLUSTER" moodCode="EVN">
              <!-- This is the templateId for Measure Reference -->
              <templateId root="2.16.840.1.113883.10.20.24.3.98"/>
              <!-- This is the templateId for eMeasure Reference QDM -->
              <templateId root="2.16.840.1.113883.10.20.24.3.97"/>
              <statusCode code="completed"/>
              <!-- Containing isBranch external references -->
              <reference typeCode="REFR">
                <externalDocument classCode="DOC" moodCode="EVN">
                  <!-- SHALL: This is the version specific identifier for eMeasure: QualityMeasureDocument/id it is a GUID-->
                  <id root="40280381-3D27-5493-013D-4B637CFF42A3"/>
                  <!-- SHOULD This is the title of the eMeasure -->
                  <text>Prophylactic Antibiotic Received Within One Hour Prior to Surgical Incision</text>
                  <!-- SHOULD: setId is the eMeasure version neutral id  -->
                  <setId root="D09ADD1D-30F5-462D-B677-3D17D9CCD664"/>
                  <!-- This is the sequential eMeasure Version number -->
                  <versionNumber value="3"/>                  
                </externalDocument>
              </reference>
            </organizer>
          </entry>
          <entry>
            <organizer classCode="CLUSTER" moodCode="EVN">
              <!-- This is the templateId for Measure Reference -->
              <templateId root="2.16.840.1.113883.10.20.24.3.98"/>
              <!-- This is the templateId for eMeasure Reference QDM -->
              <templateId root="2.16.840.1.113883.10.20.24.3.97"/>
              <statusCode code="completed"/>
              <!-- Containing isBranch external references -->
              <reference typeCode="REFR">
                <externalDocument classCode="DOC" moodCode="EVN">
                  <!-- SHALL: This is the version specific identifier for eMeasure: QualityMeasureDocument/id it is a GUID-->
                  <id root="40280381-3D27-5493-013D-4DBF0566683C"/>
                  <!-- SHOULD This is the title of the eMeasure -->
                  <text>Elective Delivery</text>
                  <!-- SHOULD: setId is the eMeasure version neutral id  -->
                  <setId root="FD7CA18D-B56D-4BCA-AF35-71CE36B15246"/>
                  <!-- This is the sequential eMeasure Version number -->
                  <versionNumber value="2"/>                  
                </externalDocument>
              </reference>
            </organizer>
          </entry>
          <entry>
            <organizer classCode="CLUSTER" moodCode="EVN">
              <!-- This is the templateId for Measure Reference -->
              <templateId root="2.16.840.1.113883.10.20.24.3.98"/>
              <!-- This is the templateId for eMeasure Reference QDM -->
              <templateId root="2.16.840.1.113883.10.20.24.3.97"/>
              <statusCode code="completed"/>
              <!-- Containing isBranch external references -->
              <reference typeCode="REFR">
                <externalDocument classCode="DOC" moodCode="EVN">
                  <!-- SHALL: This is the version specific identifier for eMeasure: QualityMeasureDocument/id it is a GUID-->
                  <id root="8A4D92B2-37BF-6F1B-0137-CCD612A40D0E"/>
                  <!-- SHOULD This is the title of the eMeasure -->
                  <text>Home Management Plan of Care (HMPC) Document Given to Patient/Caregiver</text>
                  <!-- SHOULD: setId is the eMeasure version neutral id  -->
                  <setId root="E1CB05E0-97D5-40FC-B456-15C5DBF44309"/>
                  <!-- This is the sequential eMeasure Version number -->
                  <versionNumber value="1"/>                  
                </externalDocument>
              </reference>
            </organizer>
          </entry>
          <entry>
            <organizer classCode="CLUSTER" moodCode="EVN">
              <!-- This is the templateId for Measure Reference -->
              <templateId root="2.16.840.1.113883.10.20.24.3.98"/>
              <!-- This is the templateId for eMeasure Reference QDM -->
              <templateId root="2.16.840.1.113883.10.20.24.3.97"/>
              <statusCode code="completed"/>
              <!-- Containing isBranch external references -->
              <reference typeCode="REFR">
                <externalDocument classCode="DOC" moodCode="EVN">
                  <!-- SHALL: This is the version specific identifier for eMeasure: QualityMeasureDocument/id it is a GUID-->
                  <id root="40280381-3D27-5493-013D-4D86B2B36480"/>
                  <!-- SHOULD This is the title of the eMeasure -->
                  <text>Median Time from ED Arrival to ED Departure for Admitted ED Patients</text>
                  <!-- SHOULD: setId is the eMeasure version neutral id  -->
                  <setId root="9A033274-3D9B-11E1-8634-00237D5BF174"/>
                  <!-- This is the sequential eMeasure Version number -->
                  <versionNumber value="2"/>                  
                </externalDocument>
              </reference>
            </organizer>
          </entry>
        </section>
      </component>

            <component>
        <section>
          <!-- This is the templateId for Reporting Parameters section -->
          <templateId root="2.16.840.1.113883.10.20.17.2.1"/>
          <code code="55187-9" codeSystem="2.16.840.1.113883.6.1"/>
          <title>Reporting Parameters</title>
          <text>
            <list>
              <item>Reporting period: January 1st, 2012 00:00 - December 31st, 2012 23:59</item>
            </list>
          </text>
          <entry typeCode="DRIV">
            <act classCode="ACT" moodCode="EVN">
              <!-- This is the templateId for Reporting Parameteres Act -->
              <templateId root="2.16.840.1.113883.10.20.17.3.8"/>
              <code code="252116004" codeSystem="2.16.840.1.113883.6.96" displayName="Observation Parameters"/>
              <effectiveTime>
                <low value="20120101000000"/>
                <high value="20121231235900"/>
              </effectiveTime>
            </act>
          </entry>
        </section>
      </component>
            <component>
        <section>
          <!-- This is the templateId for Patient Data section -->
          <templateId root="2.16.840.1.113883.10.20.17.2.4"/>
          <!-- This is the templateId for Patient Data QDM section -->
          <templateId root="2.16.840.1.113883.10.20.24.2.1"/>
          <code code="55188-7" codeSystem="2.16.840.1.113883.6.1"/>
          <title>Patient Data</title>
          <text>

          </text>
          

<entry>
  <encounter classCode="ENC" moodCode="EVN">
    <!--  Encounter activities template -->
    <templateId root="2.16.840.1.113883.10.20.22.4.49"/>
    <!-- Encounter performed template -->
    <templateId root="2.16.840.1.113883.10.20.24.3.23"/>
    <id root="1.3.6.1.4.1.115" extension="521e7511983a95c00f0001e0"/>
    <code code="32485007" codeSystem="2.16.840.1.113883.6.96" sdtc:valueSet="2.16.840.1.113883.3.666.5.625"><originalText>Encounter, Performed: Encounter Inpatient (Code List: 2.16.840.1.113883.3.666.5.307)</originalText></code>
    <text>Encounter, Performed: Encounter Inpatient (Code List: 2.16.840.1.113883.3.666.5.307)</text>
    <statusCode code="completed"/>
    <effectiveTime>
      <!-- We try to look for the admit/discharge times on the encounter if they are
           there. If not, we fall back to the typical start/end date. -->
      <low value='20120225163335'/>
      <high value='20120229003335'/>
    </effectiveTime>


  </encounter>
</entry>













<entry>
  <encounter classCode="ENC" moodCode="EVN">
    <!--  Encounter activities template -->
    <templateId root="2.16.840.1.113883.10.20.22.4.49"/>
    <!-- Encounter performed template -->
    <templateId root="2.16.840.1.113883.10.20.24.3.23"/>
    <id root="1.3.6.1.4.1.115" extension="521e7511983a95c00f0001e0"/>
    <code code="32485007" codeSystem="2.16.840.1.113883.6.96" sdtc:valueSet="2.16.840.1.113883.3.666.5.307"><originalText>Encounter, Performed: Encounter Inpatient (Code List: 2.16.840.1.113883.3.666.5.307)</originalText></code>
    <text>Encounter, Performed: Encounter Inpatient (Code List: 2.16.840.1.113883.3.666.5.307)</text>
    <statusCode code="completed"/>
    <effectiveTime>
      <!-- We try to look for the admit/discharge times on the encounter if they are
           there. If not, we fall back to the typical start/end date. -->
      <low value='20120225163335'/>
      <high value='20120229003335'/>
    </effectiveTime>


  </encounter>
</entry>



















































<entry>
  <procedure classCode="PROC" moodCode="EVN" >
    <!--  Procedure performed template -->
    <templateId root="2.16.840.1.113883.10.20.24.3.64"/>
    <!-- Procedure Activity Procedure-->
    <templateId root="2.16.840.1.113883.10.20.22.4.14"/>
    <id root="1.3.6.1.4.1.115" extension="521e7511983a95c00f0001e4"/>
    <code code="173476009" codeSystem="2.16.840.1.113883.6.96" sdtc:valueSet="2.16.840.1.113883.3.666.5.1743"><originalText>Procedure, Performed: Hospital measures-Joint Commission evidence of a surgical procedure requiring general or neuraxial anesthesia (Code List: 2.16.840.1.113883.3.666.5.1743)</originalText><translation code="3E030FZ" codeSystem="2.16.840.1.113883.6.4"/>
</code>
    <text>Procedure, Performed: Hospital measures-Joint Commission evidence of a surgical procedure requiring general or neuraxial anesthesia (Code List: 2.16.840.1.113883.3.666.5.1743)</text>
    <statusCode code="completed"/>
    <effectiveTime>
      <low value='20120225181835'/>
      <high value='20120225191835'/>
    </effectiveTime>
    
    
  </procedure>
</entry>


<entry>
  <procedure classCode="PROC" moodCode="EVN" >
    <!--  Procedure performed template -->
    <templateId root="2.16.840.1.113883.10.20.24.3.64"/>
    <!-- Procedure Activity Procedure-->
    <templateId root="2.16.840.1.113883.10.20.22.4.14"/>
    <id root="1.3.6.1.4.1.115" extension="521e7511983a95c00f0001e3"/>
    <code code="10190003" codeSystem="2.16.840.1.113883.6.96" sdtc:valueSet="2.16.840.1.113883.3.666.5.694"><originalText>Procedure, Performed: Hospital measures-CABG (Code List: 2.16.840.1.113883.3.666.5.694)</originalText><translation code="0210093" codeSystem="2.16.840.1.113883.6.4"/>
<translation code="36.10" codeSystem="2.16.840.1.113883.6.103"/>
</code>
    <text>Procedure, Performed: Hospital measures-CABG (Code List: 2.16.840.1.113883.3.666.5.694)</text>
    <statusCode code="completed"/>
    <effectiveTime>
      <low value='20120225180335'/>
      <high value='20120225193335'/>
    </effectiveTime>
    <priorityCode  code="63161005" 
              codeSystem="2.16.840.1.113883.6.96"
              sdtc:valueSet="2.16.840.1.113883.3.666.5.3010"
              />

    
    <entryRelationship typeCode="REFR">
      <procedure classCode="PROC" moodCode="EVN">
        <templateId root="2.16.840.1.113883.10.20.24.3.89"/>
        <code code="34896006" 
              codeSystem="2.16.840.1.113883.6.96"
              codeSystemName="SNOMED CT" 
              displayName="incision"/>
              <effectiveTime value='20120225181835'/>
      </procedure>
    </entryRelationship>
  </procedure>
</entry>


























<entry>
  <encounter classCode="ENC" moodCode="EVN">
    <!--  Encounter activities template -->
    <templateId root="2.16.840.1.113883.10.20.22.4.49"/>
    <!-- Encounter performed template -->
    <templateId root="2.16.840.1.113883.10.20.24.3.23"/>
    <id root="1.3.6.1.4.1.115" extension="521e7511983a95c00f0001e0"/>
    <code code="32485007" codeSystem="2.16.840.1.113883.6.96" sdtc:valueSet="2.16.840.1.113883.3.117.1.7.1.23"><originalText>Encounter, Performed: Encounter Inpatient (Code List: 2.16.840.1.113883.3.666.5.307)</originalText></code>
    <text>Encounter, Performed: Encounter Inpatient (Code List: 2.16.840.1.113883.3.666.5.307)</text>
    <statusCode code="completed"/>
    <effectiveTime>
      <!-- We try to look for the admit/discharge times on the encounter if they are
           there. If not, we fall back to the typical start/end date. -->
      <low value='20120225163335'/>
      <high value='20120229003335'/>
    </effectiveTime>


  </encounter>
</entry>


















              <entry>
  <!-- Patient Characteristic Payer -->
  <observation classCode="OBS" moodCode="EVN">
    <templateId root="2.16.840.1.113883.10.20.24.3.55"/>
    <id root="1.3.6.1.4.1.115" extension="521e7511983a95c00f0001e5"/>
    <code code="48768-6" codeSystemName="LOINC" codeSystem="2.16.840.1.113883.6.1" displayName="Payment source"/> 
    <statusCode code="completed"/>
    <value code="349" codeSystem="2.16.840.1.113883.3.221.5" xsi:type="CD" sdtc:valueSet="2.16.840.1.114222.4.11.3591"><originalText></originalText></value>
  </observation>            
</entry>
        </section>
      </component>
    </structuredBody>
  </component>
</ClinicalDocument>